,0
0,"With 64% ownership of the shares, Verizon Communications Inc. (NYSE:VZ) is heavily dominated by institutional owners"
1,Improved Earnings Required Before Verizon Communications Inc. (NYSE:VZ) Shares Find Their Feet
2,Can Verizon Communications Inc.'s (NYSE:VZ) ROE Continue To Surpass The Industry Average?
3,Verizon Communications Inc.'s (NYSE:VZ) Prospects Need A Boost To Lift Shares
4,Is it Worthy to Invest Your Hard Earned Money in Verizon Communications (VZ)?
5,Verizon Falls to 11-Year Low After Stumble on Subscriber Growth
6,"Verizon stock headed for its biggest gain of the year, remains highest-yielding Dow component"
7,Verizon: It's Time To Be Greedy
8,Verizon: Blood In The Streets
9,Verizon: A Highly Lucrative Buying Opportunity
10,What The Market Gets Wrong About Verizon - A Contrarian View
11,Lo And Behold Verizon At 10Y Low - Will We See Higher Yields Soon?
12,"Earnings Outlook: Verizon has hit a speed bump, but earnings could show a better road ahead"
13,CVS Health Corporation (NYSE:CVS) insiders made a handsome profit after selling stock presently valued at US$97.80 apiece for US$107
14,Market Still Lacking Some Conviction On CVS Health Corporation (NYSE:CVS)
15,CVS Health: Future Is Healthy
16,Is There An Opportunity With CVS Health Corporation's (NYSE:CVS) 47% Undervaluation?
17,CVS Health Is A Strong Diversified Healthcare Play
18,CVS Health reports third quarter 2022 results
19,CVS Health Corporation (NYSE:CVS) insiders made a handsome profit after selling stock presently valued at US$92.72 apiece for US$107
20,Should Investors Buy CVS Stock Before Q3 Earnings?
21,CVS HEALTH REPORTS THIRD QUARTER RESULTS
22,Company Close Updates: Digital Realty Trust Inc. stock outperforms market despite losses on the day
23,"Company Close Updates: Digital Realty Trust Inc. stock rises Thursday, outperforms market"
24,Digital Realty Trust (DLR) Gains But Lags Market: What You Should Know
25,"Company Close Updates: Digital Realty Trust Inc. stock falls Wednesday, underperforms market"
26,Digital Realty: 3 Takeaways From Q3 2022
27,"Company Close Updates: Digital Realty Trust Inc. stock falls Monday, underperforms market"
28,": Taiwan Semiconductor Manufacturing stock price target cut by 25%, to NT$600 from NT$800 at Wedbush"
29,Taiwan Semiconductor Stock Is Struggling Ahead of Earnings
30,Taiwan Semiconductor Q3 Preview: Can Shares Find New Life?
31,Medical Properties Trust Q3 Update: Is It Time To Buy?
32,Medical Properties Trust Announces Authorization of Stock Repurchase Program
33,Looking Beyond GAAP: Medical Properties Trust
34,"Medical Properties Trust, Inc. (MPW) Q3 2022 Earnings Call Transcript"
35,"Medical Properties Trust, Inc. Reports Third Quarter Results"
36,Global Medical REIT Inc. (GMRE) Q3 2022 Earnings Call Transcript
37,Global Medical REIT Announces Third Quarter 2022 Financial Results
38,Global Medical REIT: Passive Income Machine With Safe 10.8% Yield
39,Why Abbott Laboratories Stock Is Slumping Today
40,Better Bear-Market Buy: Abbott Laboratories vs. AbbVie Stock
41,Is Weakness In Abbott Laboratories (NYSE:ABT) Stock A Sign That The Market Could be Wrong Given Its Strong Financial Prospects?
42,Abbott Laboratories' (NYSE:ABT) Stock Has Been Sliding But Fundamentals Look Strong: Is The Market Wrong?
43,Abbott Laboratories (NYSE:ABT) institutional owners may be pleased with recent gains after 22% loss over the past year
44,Abbott Laboratories (NYSE:ABT) Shares Could Be 32% Below Their Intrinsic Value Estimate
45,Abbott Laboratories (NYSE:ABT) Shares Could Be 25% Below Their Intrinsic Value Estimate
46,Is Weakness In Abbott Laboratories (NYSE:ABT) Stock A Sign That The Market Could be Wrong Given Its Strong Financial Prospects?
47,ABBOTT LABORATORIES (NYSE: ABT) SHAREHOLDER CLASS ACTION ALERT: Bernstein Liebhard LLP Reminds Investors of the Deadline to File a Lead Plaintiff Motion in a Securities Class Action Lawsuit Against Abbott Laboratories (NYSE: ABT)
48,ABBOTT LABORATORIES (NYSE: ABT) SHAREHOLDER CLASS ACTION ALERT: Bernstein Liebhard LLP Reminds Investors of the Deadline to File a Lead Plaintiff Motion in a Securities Class Action Lawsuit Against Abbott Laboratories (NYSE: ABT)
49,SHAREHOLDER ALERT: Pomerantz Law Firm Investigates Claims On Behalf of Investors of Abbott Laboratories - ABT
50,SHAREHOLDER ALERT: Pomerantz Law Firm Investigates Claims On Behalf of Investors of Abbott Laboratories - ABT
51,Moore Kuehn Encourages Investors of Abbott Laboratories to Contact Law Firm
52,FILING DEADLINE--Kuznicki Law PLLC Announces Class Action on Behalf of Shareholders of Abbott Laboratories - ABT
53,FILING DEADLINE--Kuznicki Law PLLC Announces Class Action on Behalf of Shareholders of Abbott Laboratories - ABT
54,"SHAREHOLDER ALERT: The Gross Law Firm Notifies Shareholders of Abbott Laboratories of a Class Action Lawsuit and a Lead Plaintiff Deadline of October 31, 2022 - (NYSE: ABT)"
55,ABT LAWSUIT ALERT: Levi & Korsinsky Notifies Abbott Laboratories Investors of a Class Action Lawsuit and Upcoming Deadline
56,"ABT ALERT: The Klein Law Firm Announces a Lead Plaintiff Deadline of October 31, 2022 in the Class Action Filed on Behalf of Abbott Laboratories Shareholders"
57,Abbott Laboratories: Shares Remain Expensive While In A Technical Downtrend Ahead Of Earnings
58,SHAREHOLDER ALERT: Pomerantz Law Firm Investigates Claims On Behalf of Investors of Abbott Laboratories - ABT
59,Is Abbott Laboratories Still a Good Dividend Stock to Buy?
60,This Groundbreaking Device Just Keeps Winning for Abbott Labs
61,"Abbott Labs Reports Narrower-Than-Expected Quarterly Declines, And Shares Topple"
62,Are You Optimistic About Abbott Laboratories (ABT)’s Long-Term Opportunities?
63,Abbott Is Likely To Beat Q3 Estimates - Here's Why I'm Still Not A Buyer
64,"Abbott attributes Q3 sales decline to baby formula shortage, less COVID-19 testing"
65,"Thursday’s Top Analyst Upgrades and Downgrades: Abbott Labs, Halliburton, Invesco, Mattel, Netflix, Roblox, Synchrony, Visa and More"
66,Abbott Recall: Similac Among Liquid Products Pulled Due To Spoilage Risk
67,"Earnings Previews: Abbott Labs, ASML, Baker Hughes, Procter & Gamble"
68,Can Abbott maintain EPS beat run in Q3 as industry faces slowdown in COVID products demand?
69,ABBOTT LABORATORIES (NYSE: ABT) SHAREHOLDER CLASS ACTION ALERT: Bernstein Liebhard LLP Reminds Investors of the Deadline to File a Lead Plaintiff Motion in a Securities Class Action Lawsuit Against Abbott Laboratories (NYSE: ABT)
70,"Abbott Investors: Please Contact the Portnoy Law Firm to Recover Your Losses; Last Days to Actively Participate in the Case; October 31, 2022"
71,SHAREHOLDER ALERT: Pomerantz Law Firm Investigates Claims On Behalf of Investors of Abbott Laboratories - ABT
72,"ABT SHAREHOLDER ALERT: Jakubowitz Law Reminds Abbott Shareholders of a Lead Plaintiff Deadline of October 31, 2022"
73,"Bragar Eagel & Squire, P.C. Reminds Investors That Class Action Lawsuits Have Been Filed Against Latch, Azure, Abbott, and TuSimple and Encourages Investors to Contact the Firm"
74,"Bragar Eagel & Squire, P.C. Reminds Investors That Class Action Lawsuits Have Been Filed Against Abbott, TuSimple, Kohl’s, and Bed Bath & Beyond and Encourages Investors to Contact the Firm"
75,"SHAREHOLDER ALERT: The Gross Law Firm Notifies Shareholders of Abbott Laboratories of a Class Action Lawsuit and a Lead Plaintiff Deadline of October 31, 2022 - (NYSE: ABT)"
76,"ABT SHAREHOLDER ALERT: Jakubowitz Law Reminds Abbott Shareholders of a Lead Plaintiff Deadline of October 31, 2022"
77,The Walt Disney Company (NYSE:DIS) Shares Could Be 44% Below Their Intrinsic Value Estimate
78,"Following a 45% decline over last year, recent gains may please The Walt Disney Company (NYSE:DIS) institutional owners"
79,Here’s Why Third Point Reinitiated its Position in The Walt Disney Company (DIS)
80,Why Walt Disney Stock Is Down 30% This Year
81,Why I Would Overweight The Walt Disney Stock In An Investment Portfolio
82,The Walt Disney Company (NYSE:DIS) Shares Could Be 45% Below Their Intrinsic Value Estimate
83,"Despite delivering investors losses of 40% over the past 1 year, Walt Disney (NYSE:DIS) has been growing its earnings"
84,"Recent gains in Intel Corporation (NASDAQ:INTC) help add back some value on insider purchases worth US$1.7m, still down US$533k"
85,Bullish insiders at Intel Corporation (NASDAQ:INTC) loaded up on US$6.5m of stock earlier this year
86,Intel (NASDAQ:INTC) shareholders have endured a 51% loss from investing in the stock a year ago
87,Intel: The Bad Can Get Better
88,Intel Reportedly Plans Major Staff Reduction—Here Are The Biggest U.S. Layoffs This Year
89,Intel Stock Gets Support As Mobileye IPO Values Self-Driving Unit At $16.7 Billion
90,(PR) Intel Reports Third-Quarter 2022 Financial Results
91,"(PR) Durabook Adds Latest 12th Gen Intel Processor and More to Its 11"" R11L Fully Rugged Tablet"
92,Taiwan Semiconductor Vs. Samsung Vs. Intel: Battle At The Leading Edge
93,"Intel: Gelsinger Got Hit In 4 Different Ways, Simultaneously"
94,Intel Was Obliterated
95,Intel: Panic Time
96,Intel: Don't Join The Panic Sellers Into Hiding Now
97,Intel: Be Greedy
98,"Durabook Adds Latest 12th Gen Intel Processor and More to Its 11"" R11L Fully Rugged Tablet"
99,"Intel: If AMD Is A Harbinger, Prepare For An Unprofitable Year"
100,"Intel Is Now Targeting a $16 Billion Valuation for Mobileye, Just Marginally Higher Than the $15.3 Billion Purchase Price Back in 2017"
101,Here’s Why Five Below (FIVE) Outperformed in the Third Quarter
102,Five Investment Firms Hitting New 52-Week Lows This Week
103,Five Below Stock Could Move Back Toward May Highs
104,Artivion (NYSE:AORT) shareholders have endured a 55% loss from investing in the stock three years ago
105,Could The Market Be Wrong About Microsoft Corporation (NASDAQ:MSFT) Given Its Attractive Financial Prospects?
106,Alger Spectra Fund is Bullish on Microsoft Corporation (MSFT)
107,Relative Strength Alert For Microsoft
108,Microsoft Beats Back King Dollar and Rising Interest Rates
109,Microsoft: Don't Give In To Fear Here
110,Microsoft (NASDAQ:MSFT) Is Increasing Its Dividend To $0.68
111,Can Earnings Boost Microsoft (MFST) Stock?
112,Why Microsoft Could Crush FQ1 2023 Earnings
113,"Microsoft Q1 2023 Quick Take: Snooze, You Lose"
114,"Microsoft Reportedly Cuts Nearly 1,000 Employees—Here Are The Biggest U.S. Layoffs This Year"
115,"Gopuff Slashes 10% Of Its Workforce, Microsoft Reportedly Cuts Nearly 1,000 Employees—Here Are The Biggest U.S. Layoffs This Year"
116,"Adobe Photoshop rival, Microsoft “Designer” is here for free"
117,List Of Bill Gates' Businesses: From Microsoft To Four Seasons Hotel
118,"Microsoft: Double-Digit Growth Again In Q3, Excluding Currency"
119,United States Steel Corporation Declares Dividend
120,United States Steel Corporation Reports Third Quarter 2022 Results
121,United States Steel Corporation (X) Q3 2022 Earnings Call Transcript
122,"United States Steel Corporation to Release Third Quarter 2022 Financial Results on October 27, 2022; Invites Retail and Institutional Investors to Submit Questions"
123,Ford Motor Company: Showing Resiliency And Further Upside Possible
124,Should You Buy Some Ford Motor Co. (F) Shares?
125,"GM, Ford set to report earnings to a tough crowd on Wall Street - Reuters"
126,"Ford, GM and other automakers face 50% profit slump next year, UBS analysts say"
127,Ford vs. GM: Which Stock Is the Better Buy?
128,"Why Ford, Boeing, and Carnival Stocks Are Rocking"
129,"Ford Sells Stake in Russia Business, Joining Carmaker Exodus - Yahoo Finance"
130,"Is Ford Stock A Buy After Earnings? Yes, Consider EPS Beat And Full-Year Outlook"
131,Ford v. Meta: Two divergent paths to the future
132,"Ford, GM and Other Carmakers Face 50% Profit Slump Next Year, UBS Analysts Say"
133,Ford's earnings drop in 3rd quarter as it pays to exit Argo autonomous driving company
134,"2023 Ford Transit Trail, Xpeng AeroHT Flies, And Tesla Says No To Aftermarket Tow Hitches: Your Morning Brief"
135,Ford employees on Performance Enhancement Plan can now exit with severance package
136,"GM, Ford Set To Report Earnings To A Tough Crowd On Wall Street"
137,"Ford Stock Lower After Q3 Earnings Beat, Narrowed 2022 Profit Guidance; Plans Argo AI Wind-Down"
138,"After GM’s big beat, can Ford drive higher on earnings?"
139,Ford Wrecked by Recession Fear
140,All Is Not 'Peachy' at Ford and There's No Reason for Traders to Chase It
141,"Ford to Cut Underperforming Workers, but CEO Remains"
142,"Stocks Edge Lower, Week Ahead, Tesla, Ford, Twitter - Five Things To Know"
143,"General Motors Is Working Through Backlog of Chip-Less Cars; Ford, Not So Much"
144,"GM, Ford set to report earnings to a tough crowd on Wall Street"
145,"Ford sells stake in Russia business, joining automaker exodus"
146,ChannelAdvisor Reports Third Quarter 2022 Results
147,"Past Scandals Continue to Plague Wells Fargo, But I Still Like the Stock"
148,Wells Fargo (WFC) Q3 2022 Earnings Call Transcript
149,"2 of Wells Fargo's Businesses Took a Major Turn for the Worst Last Quarter, But..."
150,51%of this Wells Fargo & Company (NYSE:WFC) insider's holdings were sold in the last year
151,Wells Fargo & Company (NYSE:WFC) insiders sold US$1.0m worth of stock last year which shareholders may not want to overlook
152,Wells Fargo & Company Announces Common Stock Dividend
153,Should You Consider Investing in Wells Fargo & Company (WFC)?
154,Positive week for Wells Fargo & Company (NYSE:WFC) institutional investors who lost 8.9% over the past year
155,Wells Fargo Vs. Bank of America: A Look At The Busted Preferreds
156,Wells Fargo Stock Higher Despite Q3 Profit Earnings On 'Fake Account' Litigation Hit
157,"Earnings Previews: Citigroup, JPMorgan, Morgan Stanley, UnitedHealth, Wells Fargo"
158,"Bank Earnings: JPMorgan, Wells Fargo, Morgan Stanley, Citi, PNC Report | Investor's Business Daily - Investor's Business Daily"
159,"Marvell rises on Wells Fargo upgrade, as 'healthy amount of pessimism now priced in'"
160,BP upgraded to Equal Weight at Wells Fargo on energy outlook
161,"JPMorgan, Citi, Morgan Stanley, Wells Fargo lead off Q3 bank earnings Friday"
162,Shareholders may not want to ignore the US$1.0m worth sales made by Wells Fargo & Company (NYSE:WFC) insiders this past year
163,"Following a 9.4% decline over last year, recent gains may please Wells Fargo & Company (NYSE:WFC) institutional owners"
164,"Cloudflare rises as Wells Fargo upgrades, citing benefits from increasing consolidation"
165,Viatris Inc. (VTRS) Q3 2022 Earnings Call Transcript
166,Viatris Reports Strong Third Quarter 2022 Results
167,"Oyster Point Pharma, a Leading Ophthalmology-Focused Biopharmaceutical Company, to be Acquired by Viatris"
168,"Viatris to sell Famy Care, prepares to exit non-core biz"
169,"Shareholder Alert: Ademi LLP investigates whether Oyster Point Pharma, Inc. has obtained a Fair Price in its transaction with Viatris"
170,Viatris Reports Strong Third Quarter 2022 Results
171,"The recent 7.0% gain must have brightened Top Key Executive Lawrence Ellison's week, Oracle Corporation's (NYSE:ORCL) most bullish insider"
172,"Recent gains in Oracle Corporation (NYSE:ORCL) help add back some value on insider purchases worth US$1.3m, still down US$129k"
173,Oracle Corporation (NYSE:ORCL) Shares Could Be 43% Below Their Intrinsic Value Estimate
174,Oracle Corporation's (NYSE:ORCL) P/E Still Appears To Be Reasonable
175,"Bernstein Litowitz Berger & Grossmann LLP Announces Pendency and Proposed Settlement of Class Action Involving All Persons and Entities Who Purchased or Acquired the Common Stock of Oracle Corporation During the Period from May 10, 2017 through June 20, 2018"
176,"At US$76.00, Is It Time To Put Oracle Corporation (NYSE:ORCL) On Your Watch List?"
177,"With 43% ownership, Oracle Corporation (NYSE:ORCL) insiders have a lot at stake"
178,Tractor Supply Company Declares Quarterly Dividend
179,Tractor Supply Company Reports Third Quarter 2022 Financial Results
180,Tractor Supply Company: Margin Protection Allows Further Growth
181,Tractor Supply Company (TSCO) Q3 2022 Earnings Call Transcript
182,"Company Report Roundup: Tesla, Tractor Supply, American Express, and More"
183,Will Tractor Supply Company Continue To Bear Fruit?
184,"Tractor Supply profit, same-store sales top expectations, but total sales comes up a bit shy"
185,Tractor Supply: Buy On Any Post Earnings Weakness
186,Tractor Supply Is A Good Buy Post Recent Earnings
187,Company Close Updates: Tractor Supply Co. stock underperforms Wednesday when compared to competitors
188,Could Tractor Supply Stock Be a No-Brainer Buy?
189,Stratasys: More Channel Partners Could Push The Stock Price Higher
190,Marathon Oil Corporation Declares Third Quarter 2022 Dividend
191,Marathon Oil Corporation Declares Third Quarter 2022 Dividend
192,Marathon Oil Reports Third Quarter 2022 Results
193,Marathon Oil Reports Third Quarter 2022 Results
194,Marathon Petroleum Corporation (MPC) Q3 2022 Earnings Call Transcript
195,Marathon Petroleum Corp. Increases Quarterly Dividend
196,What To Expect From Cleveland-Cliffs Q3 Results?
197,Cleveland-Cliffs Earnings: A Steal? If You Have Nerves Of Steel
198,Cleveland-Cliffs Reports Third-Quarter 2022 Results and Announces $1.8 Billion Reduction in Net Pension/OPEB Liabilities
199,"Thursday’s Top Analyst Upgrades and Downgrades: Canopy Growth, Cleveland-Cliffs, Datadog, Electronic Arts, Palo Alto Networks, Peloton, Snowflake, SoFi and More"
200,Cleveland-Cliffs: Unbelievable Action
201,"Company Close Updates: PayPal Holdings Inc. stock falls Tuesday, underperforms market"
202,"Company Close Updates: PayPal Holdings Inc. stock falls Monday, underperforms market"
203,"Is Weakness In PayPal Holdings, Inc. (NASDAQ:PYPL) Stock A Sign That The Market Could be Wrong Given Its Strong Financial Prospects?"
204,"PayPal Holdings, Inc.'s (NASDAQ:PYPL) Intrinsic Value Is Potentially 36% Above Its Share Price"
205,"PayPal Holdings, Inc. (PYPL) Equity Alert: Robbins LLP Reminds Investors of Lead Plaintiff Deadline in Class Action Against PayPal Holdings, Inc."
206,Are Low Interest Rates A Must For Tech Growth? Raoul Pal Says India Shows Otherwise - PayPal Holdings (NA - Benzinga
207,"PayPal Holdings, Inc. Shareholder Notice: Robbins LLP Reminds Investors of Class Action Against PayPal Holdings, Inc. (PYPL)"
208,"SHAREHOLDER ALERT: Pomerantz Law Firm Investigates Claims On Behalf of Investors of PayPal Holdings, Inc. - PYPL"
209,"SHAREHOLDER ALERT: Pomerantz Law Firm Investigates Claims On Behalf of Investors of PayPal Holdings, Inc. - PYPL"
210,"FILING DEADLINE--Kuznicki Law PLLC Announces Class Action on Behalf of Shareholders of PayPal Holdings, Inc. - PYPL"
211,"FILING DEADLINE--Kuznicki Law PLLC Announces Class Action on Behalf of Shareholders of PayPal Holdings, Inc. - PYPL"
212,"PYPL LAWSUIT ALERT: Levi & Korsinsky Notifies PayPal Holdings, Inc. Investors of a Class Action Lawsuit and Upcoming Deadline"
213,"SHAREHOLDER ALERT: Pomerantz Law Firm Investigates Claims On Behalf of Investors of PayPal Holdings, Inc. - PYPL"
214,"PYPL ALERT: The Klein Law Firm Announces a Lead Plaintiff Deadline of December 5, 2022 in the Class Action Filed on Behalf of PayPal Holdings, Inc. Shareholders"
215,"SHAREHOLDER ALERT: Pomerantz Law Firm Investigates Claims On Behalf of Investors of PayPal Holdings, Inc. - PYPL"
216,"FILING DEADLINE--Kuznicki Law PLLC Announces Class Action on Behalf of Shareholders of PayPal Holdings, Inc. - PYPL"
217,"PYPL ALERT: The Klein Law Firm Announces a Lead Plaintiff Deadline of December 5, 2022 in the Class Action Filed on Behalf of PayPal Holdings, Inc. Shareholders"
218,"SHAREHOLDER ALERT: The Gross Law Firm Notifies Shareholders of PayPal Holdings, Inc. of a Class Action Lawsuit and a Lead Plaintiff Deadline of December 5, 2022 - (NASDAQ: PYPL)"
219,"SHAREHOLDER ALERT: The Gross Law Firm Notifies Shareholders of PayPal Holdings, Inc. of a Class Action Lawsuit and a Lead Plaintiff Deadline of December 5, 2022 - (NASDAQ: PYPL)"
220,"FILING DEADLINE--Kuznicki Law PLLC Announces Class Action on Behalf of Shareholders of PayPal Holdings, Inc. - PYPL"
221,"Company Close Updates: PayPal Holdings Inc. stock falls Thursday, underperforms market"
222,"FILING DEADLINE--Kuznicki Law PLLC Announces Class Action on Behalf of Shareholders of PayPal Holdings, Inc. - PYPL"
223,"FILING DEADLINE--Kuznicki Law PLLC Announces Class Action on Behalf of Shareholders of PayPal Holdings, Inc. - PYPL"
224,"Earnings Results: PayPal earnings forecast heads higher, but the stock is heading lower yet again"
225,"PYPL LAWSUIT ALERT: Levi & Korsinsky Notifies PayPal Holdings, Inc. Investors of a Class Action Lawsuit and Upcoming Deadline"
226,Here’s What Makes PayPal (PYPL) a Smart Investment Choice
227,"INVESTOR DEADLINE: Investors in PayPal Holdings, Inc. with Substantial Losses Have Opportunity to Lead Class Action Lawsuit – PYPL"
228,PayFail: PayPal's Ideology Has Brought It Into Crisis
229,PayPal Backtracks on User Policy Change After Furor
230,"PayPal, Multiple Tailwinds Underway, Buy"
231,"SHAREHOLDER ALERT: Pomerantz Law Firm Investigates Claims On Behalf of Investors of PayPal Holdings, Inc. - PYPL"
232,"Bragar Eagel & Squire, P.C. Reminds Investors That Class Action Lawsuits Have Been Filed Against Centessa, PayPal, Opendoor, and Schmitt and Encourages Investors to Contact the Firm"
233,"Bragar Eagel & Squire, P.C. Reminds Investors That Class Action Lawsuits Have Been Filed Against Olo, Centessa, PayPal, and Opendoor and Encourages Investors to Contact the Firm"
234,"Bragar Eagel & Squire, P.C. Reminds Investors That Class Action Lawsuits Have Been Filed Against Warner Bros., Olo, Centessa, and PayPal and Encourages Investors to Contact the Firm"
235,"SHAREHOLDER ALERT: Pomerantz Law Firm Investigates Claims On Behalf of Investors of PayPal Holdings, Inc. - PYPL"
236,"PYPL SHAREHOLDER ALERT: Jakubowitz Law Reminds PayPal Shareholders of a Lead Plaintiff Deadline of December 5, 2022"
237,"PYPL ALERT: The Klein Law Firm Announces a Lead Plaintiff Deadline of December 5, 2022 in the Class Action Filed on Behalf of PayPal Holdings, Inc. Shareholders"
238,"PayPal: Q3 Turnaround And Apple Win, But E-Commerce Slowing"
239,PayPal Slumps On Weak Guidance
240,"PYPL SHAREHOLDER ALERT: Jakubowitz Law Reminds PayPal Shareholders of a Lead Plaintiff Deadline of December 5, 2022"
241,"PYPL SHAREHOLDER ALERT: Jakubowitz Law Reminds PayPal Shareholders of a Lead Plaintiff Deadline of December 5, 2022"
242,Earnings Outlook: PayPal earnings: What to expect
243,"PayPal earnings forecast heads higher, but revenue outlook sends the stock lower yet again - MarketWatch"
244,The Ratings Game: PayPal earnings report offers blasts from the past
245,"PYPL LAWSUIT ALERT: Levi & Korsinsky Notifies PayPal Holdings, Inc. Investors of a Class Action Lawsuit and Upcoming Deadline"
246,Fastenal Company (FAST) Q3 2022 Earnings Call Transcript
247,Fastenal Company Announces Cash Dividend and Share Repurchase Activity
248,"Fastenal Buy Write Nails Down Dividend, 51% Annualized Return Potential"
249,"With 79% ownership of the shares, Fastenal Company (NASDAQ:FAST) is heavily dominated by institutional owners"
250,Fastenal Company Reports 2022 Third Quarter Earnings
251,"Fastenal: Built To Last, But Not A Buy Yet"
252,"Company Close Updates: Fastenal Co. stock rises Tuesday, outperforms market"
253,"Company Close Updates: Fastenal Co. stock falls Wednesday, still outperforms market"
254,"Fastenal profit and sales rise above expectations, while price levels remained 'stable'"
255,Lazard Global Total Return and Income Fund Declares Monthly Distribution and Issues Estimated Sources of the Distribution Announced in September
256,Costco Wholesale Corporation Announces Quarterly Cash Dividend
257,Costco Wholesale Corporation Announces Quarterly Cash Dividend
258,Insiders who sold US$20m worth of Costco Wholesale Corporation (NASDAQ:COST) stock last year were handsomely rewarded
259,Costco Wholesale's (NASDAQ:COST) five-year earnings growth trails the 27% YoY shareholder returns
260,Costco Wholesale's (NASDAQ:COST) five-year total shareholder returns outpace the underlying earnings growth
261,Is it Worthy to Invest in Costco (COST)?
262,Costco: Be Ready To Buy On The Dip (Technical Analysis)
263,Shareholders might want to keep a close eye on Lockheed Martin Corporation (NYSE:LMT) after insiders sold US$13m stock earlier this year
264,Shareholders may not want to ignore the US$13m worth sales made by Lockheed Martin Corporation (NYSE:LMT) insiders this past year
265,A Look At The Intrinsic Value Of Lockheed Martin Corporation (NYSE:LMT)
266,Should You Be Impressed By Lockheed Martin Corporation's (NYSE:LMT) ROE?
267,Earnings Preview: What To Expect From Lockheed Martin On Tuesday
268,"Lockheed Martin Corporation's (NYSE:LMT) large institutional owners must be happy as stock continues to impress, up 15% over the past week"
269,Lockheed Martin Reports Third Quarter 2022 Financial Results
270,Terran Orbital Receives $100 Million Investment from Lockheed Martin
271,Lockheed Martin: Q3 Earnings Beat With War Tailwinds Ahead
272,Lockheed Martin Reports Third Quarter 2022 Financial Results
273,"Insiders at Lockheed Martin Corporation (NYSE:LMT) sold US$13m worth of stock, a potential red flag that needs to be monitored"
274,Terran Orbital receives $100M investment from Lockheed Martin
275,"Coca-Cola Beats Profit Estimates, Raises Full-Year Guidance"
276,Coca-Cola Looks Like a Screaming Buy Near Its 52-Week Low
277,Is Now the Right Time to Buy Coca-Cola Stock?
278,A Triple-Threat Stock: Is Coca-Cola a Buy?
279,Better Buy: Coca-Cola vs. Disney
280,Better Buy: Coca-Cola vs. PepsiCo
281,What Do Bitcoin and Coca-Cola Have in Common?
282,Coca-Cola: Finally Turning Bullish Again
283,Cracking Open Coca-Cola FEMSA Could Prove Refreshing For Investors
284,Insiders who sold US$15m worth of The Coca-Cola Company (NYSE:KO were amply compensated
285,The Coca-Cola Company (NYSE:KO) is largely controlled by institutional shareholders who own 61% of the company
286,Is The Coca-Cola Company (KO) a Good Long-Term Bet?
287,Is Coca-Cola Company (KO) a Good Long-Term Investment?
288,Is There An Opportunity With The Coca-Cola Company's (NYSE:KO) 40% Undervaluation?
289,"Coca-Cola Consolidated, Inc.'s (NASDAQ:COKE) market cap decline of US$246m may not have as much of an impact on institutional owners after a year of 9.9% returns"
290,"The one-year returns for Coca-Cola FEMSA. de's (NYSE:KOF) shareholders have been , yet its earnings growth was even better"
291,Coca-Cola FEMSA. de (NYSE:KOF) Is Experiencing Growth In Returns On Capital
292,A Closer Look At The Coca-Cola Company's (NYSE:KO) Impressive ROE
293,FEMSA and Coca-Cola FEMSA Announce Senior Leadership Changes
294,Should We Be Delighted With The Coca-Cola Company's (NYSE:KO) ROE Of 41%?
295,"Coca-Cola Europacific Partners plc Announces Q3, Investor Event & Interim Dividend Declaration"
296,Will Coca-Cola Stock See Higher Levels Post Q3 Results?
297,"Earnings Previews: Alphabet, Coca-Cola, Enphase, Microsoft, Visa"
298,"Up 6% This Week, Can Cisco Systems Stock Continue Its Streak?"
299,"Is It Time To Consider Buying Cisco Systems, Inc. (NASDAQ:CSCO)?"
300,"Is Cisco Systems, Inc. (NASDAQ:CSCO) Trading At A 44% Discount?"
301,"Cisco Systems, Inc.'s (NASDAQ:CSCO) Business Is Trailing The Market But Its Shares Aren't"
302,Cisco Systems May Be A Buy At This Level (Technical Analysis)
303,"Is It Too Late To Consider Buying Cisco Systems, Inc. (NASDAQ:CSCO)?"
304,"Cisco Systems, Inc.'s (NASDAQ:CSCO) Intrinsic Value Is Potentially 62% Above Its Share Price"
305,ePlus Launches Co-Delivered Architecture Support Services for Cisco and Adjacent Technologies
306,Caterpillar Inc. Maintains Dividend
307,Is There An Opportunity With Caterpillar Inc.'s (NYSE:CAT) 25% Undervaluation?
308,Can Caterpillar Inc. (NYSE:CAT) Maintain Its Strong Returns?
309,Caterpillar Inc. Maintains Dividend
310,Caterpillar Shares Head for Best Post-Earnings Boom in Decades
311,Caterpillar Inc. (CAT) Q3 2022 Earnings Call Transcript
312,Caterpillar's Q3 May Have Been Last Great Quarter For A While
313,Caterpillar Shares Soar as Higher Sales Fuel Demand Optimism
314,Caterpillar Reports Third-Quarter 2022 Results
315,Caterpillar Reports Third-Quarter 2022 Results
316,"Earnings Results: What recession? Caterpillar keeps repeating that demand is ‘healthy,’ ‘strong’ and ‘robust’"
317,Caterpillar lowered to hold at Deutsche Bank after 'really good' quarter
318,Should You Think About Buying 3M Company (NYSE:MMM) Now?
319,An Intrinsic Calculation For 3M Company (NYSE:MMM) Suggests It's 49% Undervalued
320,3M Company's (NYSE:MMM) Shares Lagging The Market But So Is The Business
321,3M Company Is Approaching The Point Of Maximum Pessimism
322,3M Stock To Trade Higher Post Q3?
323,"Despite a Nearly 5% Dividend Yield, Investors Should Still Be Cautious About 3M Stock"
324,3M (MMM) Q3 2022 Earnings Call Transcript
325,Positive week for 3M Company (NYSE:MMM) institutional investors who lost 35% over the past year
326,Investors in 3M (NYSE:MMM) have unfortunately lost 41% over the last five years
327,"3M see profit more than double, but a strong dollar dampens its outlook"
328,3M rating kept at Underperform by Bank of America after latest legal moves
329,Investors in 3M (NYSE:MMM) have unfortunately lost 41% over the last five years
330,3M Company (MMM) Q3 2022 Earnings Call Transcript
331,3M: Risks Likely Baked In
332,3M Is Sailing Into A Severe Storm
333,"3M: Ignore The Lawsuits, It's A Buy"
334,CMS Energy: The Market Is Handing Us This Utility At A Great Price
335,"CMS Energy Announces Strong Third Quarter Results, Raises 2022 Adjusted EPS, Introduces Preliminary 2023 Guidance"
336,Is Bristol Myers Squibb Stock a Buy With Its New-Product Sales Soaring?
337,How Will Bristol Myers Squibb Stock Trend Post Q3 Results?
338,Bristol Myers Squibb Reports Third Quarter Financial Results for 2022
339,Bristol Myers Squibb: Looking Down A Patent Cliff
340,"Bristol Myers Squibb's stock is up, says Revlimid sales are declining"
341,"If You Invested $10,000 in Bristol Myers Squibb 5 Years Ago, This Is How Much You Would Have Today"
342,"Bristol Myers Snags Narrow Quarterly Beat, Keeps Outlook; But Shares Fall"
343,Bristol Myers Sales Fall on Strong Dollar. But Earnings Beat Expectations.
344,What Bristol-Myers Squibb Company's (NYSE:BMY) ROE Can Tell Us
345,Institutional investors control 78% of Bristol-Myers Squibb Company (NYSE:BMY) and were rewarded last week after stock increased 4.7%
346,"With A Return On Equity Of 20%, Has Bristol-Myers Squibb Company's (NYSE:BMY) Management Done Well?"
347,"How Good Is Bristol-Myers Squibb Company (NYSE:BMY), When It Comes To ROE?"
348,Strong Fundamentals Make Bristol-Myers Squibb Stock A Real Value
349,Bristol-Myers Squibb's (NYSE:BMY) investors will be pleased with their notable 44% return over the last three years
350,"Insights on the Crohn's Disease Therapeutics Global Market to 2027 - Prominent Players Include Takeda, Abbvie, Janssen Pharmaceuticals, Pfizer and Bristol-Myers-Squibb"
351,RPM International Inc. (NYSE:RPM) Shares Could Be 42% Below Their Intrinsic Value Estimate
352,RPM International's (NYSE:RPM) Dividend Will Be Increased To $0.42
353,Is RPM International Stock A Buy After Earnings?
354,Berkshire Hathaway Inc. News Release
355,Berkshire Hathaway could boost earnings after Occidental accounting change - Reuters
356,Berkshire Hathaway could boost earnings after Occidental accounting change
357,Berkshire Hathaway Inc. Information Regarding Third Quarter Earnings Release
358,Berkshire Hathaway and Alleghany Corporation Announce Receipt of Regulatory Approvals
359,Berkshire Hathaway posts quarterly loss as stock holdings fall
360,Berkshire Hathaway could boost earnings after Occidental accounting change
361,Berkshire Hathaway posts quarterly loss as stock holdings fall | Reuters
362,"Fairholme Fund Buys Berkshire, Adds To 2 Positions"
363,Berkshire Hathaway Could Boost Earnings After Occidental Accounting Change
364,Should You Investigate QUALCOMM Incorporated (NASDAQ:QCOM) At US$121?
365,Is It Too Late To Consider Buying QUALCOMM Incorporated (NASDAQ:QCOM)?
366,Analysts Just Slashed Their QUALCOMM Incorporated (NASDAQ:QCOM) EPS Numbers
367,Barrick Gold Corporation (GOLD) Q3 2022 Earnings Call Transcript
368,Bullish Barrick Gold Corporation (TSE:ABX) insiders filled their treasuries with US$33m worth of stock over last year
369,Barrick Gold Corporation (GOLD) Q3 2022 Earnings Call Transcript
370,Persistent Inflation and Market Woes Could Put Barrick Gold on Buffett's Radar Again
371,Persistent Inflation and Market Woes Could Put Barrick Gold on Buffett's Radar Again
372,Barrick Gold: A Weak Production For The Third Quarter
373,Disciplined Strategy Execution Supports Sustained Value Creation at Barrick
374,Southern Copper's (NYSE:SCCO) Shareholders Will Receive A Smaller Dividend Than Last Year
375,"I'm A Copper Bull, Here's Why Southern Copper Could Double"
376,Southern Copper: Copper Price Slide Dims Near-Term Prospects
377,"Chevron Corporation (NYSE:CVX) insiders sold US$1.4m worth of stock, possibly signalling a downtrend"
378,Chevron Corporation (NYSE:CVX) is a favorite amongst institutional investors who own 64%
379,"Exxon Mobil And Chevron: Washington, D.C. Vs. Market Round 2"
380,Chevron Publishes Methane Report
381,"The one-year returns for Chevron's (NYSE:CVX) shareholders have been favorable, yet its earnings growth was even better"
382,Chevron and JERA advance lower carbon solutions in Asia Pacific and the U.S.
383,"Air Liquide, Chevron, LyondellBasell, and Uniper to Pursue Lower Carbon Hydrogen and Ammonia Project Along the U.S. Gulf Coast"
384,"The one-year returns for Chevron's (NYSE:CVX) shareholders have been favorable, yet its earnings growth was even better"
385,How Will Chevron Stock Be Impacted By Oil Production Cut?
386,"Chevron: Stock Is Overbought, Time To Take Partial Profits"
387,Chevron: Bulls Are Foaming With Optimism - Be Very Cautious
388,"NVIDIA Corporation (NASDAQ:NVDA) insiders sold US$176m worth of stock, possibly signalling a downtrend"
389,There's Reason For Concern Over NVIDIA Corporation's (NASDAQ:NVDA) Price
390,NVIDIA Corporation's (NASDAQ:NVDA) Popularity With Investors Is Under Threat From Overpricing
391,2 Tech Stocks to Consider Buying Over NVIDIA
392,Is NVIDIA a Stock You Should Buy or Sell in Q4?
393,Those who invested in NVIDIA (NASDAQ:NVDA) three years ago are up 161%
394,Why Nvidia Shares Are Falling - NVIDIA (NASDAQ:NVDA)
395,"Chipotle Mexican Grill, Inc. (CMG) Q3 2022 Earnings Call Transcript"
396,Chipotle sees 'minimal resistance' to menu price increases - Food Business News
397,"Chipotle stock climbs higher as chain beats earnings expectations, continues growth"
398,"Company Close Updates: NextEra Energy Inc. stock rises Thursday, still underperforms market"
399,Company Close Updates: NextEra Energy Inc. stock outperforms market on strong trading day
400,NextEra Energy announces date for release of third-quarter 2022 financial results
401,"NextEra Energy, Inc.'s (NYSE:NEE) P/E Still Appears To Be Reasonable"
402,"With 79% ownership of the shares, NextEra Energy, Inc. (NYSE:NEE) is heavily dominated by institutional owners"
403,"NextEra Energy, Inc.'s (NYSE:NEE) recent 4.0% pullback adds to one-year year losses, institutional owners may take drastic measures"
404,NextEra Energy announces date for release of third-quarter 2022 financial results
405,NextEra Energy And NextEra Energy Partners: Winning Together
406,NextEra Energy board declares quarterly dividend
407,"NextEra Energy Partners, LP announces date for release of third-quarter 2022 financial results"
408,"Company Close Updates: NextEra Energy Inc. stock rises Friday, still underperforms market"
409,"NextEra Energy, Inc.'s (NYSE:NEE) Share Price Matching Investor Opinion"
410,NextEra Energy: Still Overvalued After Its Recent Tumble - Don't Buy The Dips
411,WEC Energy Group to announce 2022 third-quarter results Nov. 1
412,Johnson Controls Reports Solid Fourth Quarter and Full Year Results; Initiates FY23 Guidance
